onetsoccode,Image_Generation_AIOE,Language_Modeling_AIOE
11-1011.00,1.1574117462823974,1.2779231512273652
11-1011.00,1.1574117462823974,1.3581176768273484
11-1011.03,1.0797211957413113,1.2779231512273652
11-1011.03,1.0797211957413113,1.3581176768273484
11-1021.00,0.6289055280172007,1.0385135387546522
11-2011.00,1.4773146016476975,1.1517574813043339
11-2021.00,1.4731515021558095,1.1381427985199402
11-2022.00,0.8838131801591536,1.2292878509461744
11-3012.00,0.39925801123147436,0.697251752164054
11-3021.00,1.1444062383614053,0.8762840939107743
11-3031.00,0.6203620102097687,1.272778479356591
11-3031.00,0.6203620102097687,1.2080543029127637
11-3031.00,0.6203620102097687,1.2010025936135593
11-3031.01,1.2716528281203847,1.272778479356591
11-3031.01,1.2716528281203847,1.2080543029127637
11-3031.01,1.2716528281203847,1.2010025936135593
11-3031.03,1.499475318052047,1.272778479356591
11-3031.03,1.499475318052047,1.2080543029127637
11-3031.03,1.499475318052047,1.2010025936135593
11-3051.00,0.4982812516515823,0.33226897633494334
11-3051.00,0.4982812516515823,0.6255388789948239
11-3051.00,0.4982812516515823,0.28355304706955553
11-3051.00,0.4982812516515823,0.26423298199016654
11-3051.00,0.4982812516515823,0.2614343995150486
11-3051.00,0.4982812516515823,0.22587176645584958
11-3051.01,1.1784690570777474,0.33226897633494334
11-3051.01,1.1784690570777474,0.6255388789948239
11-3051.01,1.1784690570777474,0.28355304706955553
11-3051.01,1.1784690570777474,0.26423298199016654
11-3051.01,1.1784690570777474,0.2614343995150486
11-3051.01,1.1784690570777474,0.22587176645584958
11-3051.02,0.6888062621519386,0.33226897633494334
11-3051.02,0.6888062621519386,0.6255388789948239
11-3051.02,0.6888062621519386,0.28355304706955553
11-3051.02,0.6888062621519386,0.26423298199016654
11-3051.02,0.6888062621519386,0.2614343995150486
11-3051.02,0.6888062621519386,0.22587176645584958
11-3051.03,0.16450387706662764,0.33226897633494334
11-3051.03,0.16450387706662764,0.6255388789948239
11-3051.03,0.16450387706662764,0.28355304706955553
11-3051.03,0.16450387706662764,0.26423298199016654
11-3051.03,0.16450387706662764,0.2614343995150486
11-3051.03,0.16450387706662764,0.22587176645584958
11-3051.04,0.3935199070646956,0.33226897633494334
11-3051.04,0.3935199070646956,0.6255388789948239
11-3051.04,0.3935199070646956,0.28355304706955553
11-3051.04,0.3935199070646956,0.26423298199016654
11-3051.04,0.3935199070646956,0.2614343995150486
11-3051.04,0.3935199070646956,0.22587176645584958
11-3051.06,0.8328249687568985,0.33226897633494334
11-3051.06,0.8328249687568985,0.6255388789948239
11-3051.06,0.8328249687568985,0.28355304706955553
11-3051.06,0.8328249687568985,0.26423298199016654
11-3051.06,0.8328249687568985,0.2614343995150486
11-3051.06,0.8328249687568985,0.22587176645584958
11-3061.00,1.0776357783608284,1.3537537714897083
11-3071.00,0.7582168881281648,0.9246388651012737
11-3071.00,0.7582168881281648,1.200320913005722
11-3071.04,1.5177175319984657,0.9246388651012737
11-3071.04,1.5177175319984657,1.200320913005722
11-3111.00,0.31565592081447685,1.4726774403795229
11-3121.00,0.8450610090435456,1.2954867965256078
11-3131.00,1.0699235243891148,1.2728287499829196
11-9013.00,-0.07324891837009159,-0.22077347408056044
11-9021.00,1.6361160436527284,0.6262685975523672
11-9031.00,0.310289809477282,0.8986717358418252
11-9032.00,0.49850190327528127,1.1337645096399291
11-9033.00,0.9815904069939916,1.483452259893045
11-9041.00,1.5655789240103375,0.8017077509547355
11-9041.00,1.5655789240103375,0.34355530932053185
11-9041.01,0.7625457615629053,0.8017077509547355
11-9041.01,0.7625457615629053,0.34355530932053185
11-9051.00,-0.8048228402952238,-0.01806717688224548
11-9071.00,0.6319548747104045,0.6811449911086704
11-9081.00,0.09388993620176223,0.38933288967316454
11-9111.00,0.7660322622639655,1.2772833315152619
11-9121.00,0.6507097506237614,1.07320265204954
11-9121.00,0.6507097506237614,1.2547278178844918
11-9121.00,0.6507097506237614,1.0193548972139952
11-9121.01,1.2725095475684518,1.07320265204954
11-9121.01,1.2725095475684518,1.2547278178844918
11-9121.01,1.2725095475684518,1.0193548972139952
11-9121.02,1.774244393710638,1.07320265204954
11-9121.02,1.774244393710638,1.2547278178844918
11-9121.02,1.774244393710638,1.0193548972139952
11-9131.00,0.35424177837572046,0.7959507206753571
11-9141.00,0.7940543318354507,1.2766650365400454
11-9151.00,0.6677320301687533,1.1598743589894782
11-9161.00,1.121445669750648,0.88405072321124
11-9171.00,0.28756716046421477,0.26052860807247225
11-9179.01,-1.0563883824989586,-0.06829318556976434
11-9179.01,-1.0563883824989586,0.6303171774390183
11-9179.02,0.09719287017302196,-0.06829318556976434
11-9179.02,0.09719287017302196,0.6303171774390183
11-9199.01,0.9445424395601997,1.4296533571712213
11-9199.01,0.9445424395601997,1.267302782036056
11-9199.01,0.9445424395601997,0.3323945962660961
11-9199.01,0.9445424395601997,0.11538136200348315
11-9199.01,0.9445424395601997,0.9842495047084489
11-9199.01,0.9445424395601997,1.0614113266445206
11-9199.02,0.9433609361064107,1.4296533571712213
11-9199.02,0.9433609361064107,1.267302782036056
11-9199.02,0.9433609361064107,0.3323945962660961
11-9199.02,0.9433609361064107,0.11538136200348315
11-9199.02,0.9433609361064107,0.9842495047084489
11-9199.02,0.9433609361064107,1.0614113266445206
11-9199.08,0.09863063016792788,1.4296533571712213
11-9199.08,0.09863063016792788,1.267302782036056
11-9199.08,0.09863063016792788,0.3323945962660961
11-9199.08,0.09863063016792788,0.11538136200348315
11-9199.08,0.09863063016792788,0.9842495047084489
11-9199.08,0.09863063016792788,1.0614113266445206
11-9199.09,0.3182416071531431,1.4296533571712213
11-9199.09,0.3182416071531431,1.267302782036056
11-9199.09,0.3182416071531431,0.3323945962660961
11-9199.09,0.3182416071531431,0.11538136200348315
11-9199.09,0.3182416071531431,0.9842495047084489
11-9199.09,0.3182416071531431,1.0614113266445206
11-9199.10,0.9742559044586234,1.4296533571712213
11-9199.10,0.9742559044586234,1.267302782036056
11-9199.10,0.9742559044586234,0.3323945962660961
11-9199.10,0.9742559044586234,0.11538136200348315
11-9199.10,0.9742559044586234,0.9842495047084489
11-9199.10,0.9742559044586234,1.0614113266445206
11-9199.11,1.548964209249574,1.4296533571712213
11-9199.11,1.548964209249574,1.267302782036056
11-9199.11,1.548964209249574,0.3323945962660961
11-9199.11,1.548964209249574,0.11538136200348315
11-9199.11,1.548964209249574,0.9842495047084489
11-9199.11,1.548964209249574,1.0614113266445206
13-1011.00,0.42385732142653043,1.4046989871133069
13-1021.00,0.5015609967733551,0.6654911469601319
13-1022.00,0.5489308723278248,0.7205137655851163
13-1023.00,0.9305578099826948,1.4336295996205553
13-1031.00,0.9551901558980989,1.1398128950271555
13-1032.00,0.5769302633109237,0.5088710226409214
13-1041.00,0.11778388174379874,0.11135476893413107
13-1041.00,0.11778388174379874,0.45609882897992166
13-1041.00,0.11778388174379874,1.40337343056612
13-1041.00,0.11778388174379874,0.06797786858779215
13-1041.00,0.11778388174379874,0.11128747370852966
13-1041.00,0.11778388174379874,1.3881012758031497
13-1041.00,0.11778388174379874,1.3137283800647104
13-1041.01,0.8920278759181354,0.11135476893413107
13-1041.01,0.8920278759181354,0.45609882897992166
13-1041.01,0.8920278759181354,1.40337343056612
13-1041.01,0.8920278759181354,0.06797786858779215
13-1041.01,0.8920278759181354,0.11128747370852966
13-1041.01,0.8920278759181354,1.3881012758031497
13-1041.01,0.8920278759181354,1.3137283800647104
13-1041.03,0.8213831402202163,0.11135476893413107
13-1041.03,0.8213831402202163,0.45609882897992166
13-1041.03,0.8213831402202163,1.40337343056612
13-1041.03,0.8213831402202163,0.06797786858779215
13-1041.03,0.8213831402202163,0.11128747370852966
13-1041.03,0.8213831402202163,1.3881012758031497
13-1041.03,0.8213831402202163,1.3137283800647104
13-1041.04,1.0382362650446515,0.11135476893413107
13-1041.04,1.0382362650446515,0.45609882897992166
13-1041.04,1.0382362650446515,1.40337343056612
13-1041.04,1.0382362650446515,0.06797786858779215
13-1041.04,1.0382362650446515,0.11128747370852966
13-1041.04,1.0382362650446515,1.3881012758031497
13-1041.04,1.0382362650446515,1.3137283800647104
13-1041.06,0.40338220025272986,0.11135476893413107
13-1041.06,0.40338220025272986,0.45609882897992166
13-1041.06,0.40338220025272986,1.40337343056612
13-1041.06,0.40338220025272986,0.06797786858779215
13-1041.06,0.40338220025272986,0.11128747370852966
13-1041.06,0.40338220025272986,1.3881012758031497
13-1041.06,0.40338220025272986,1.3137283800647104
13-1041.07,0.9675276785291215,0.11135476893413107
13-1041.07,0.9675276785291215,0.45609882897992166
13-1041.07,0.9675276785291215,1.40337343056612
13-1041.07,0.9675276785291215,0.06797786858779215
13-1041.07,0.9675276785291215,0.11128747370852966
13-1041.07,0.9675276785291215,1.3881012758031497
13-1041.07,0.9675276785291215,1.3137283800647104
13-1041.08,1.3924032099212975,0.11135476893413107
13-1041.08,1.3924032099212975,0.45609882897992166
13-1041.08,1.3924032099212975,1.40337343056612
13-1041.08,1.3924032099212975,0.06797786858779215
13-1041.08,1.3924032099212975,0.11128747370852966
13-1041.08,1.3924032099212975,1.3881012758031497
13-1041.08,1.3924032099212975,1.3137283800647104
13-1051.00,1.5392718100904146,1.088023517273165
13-1071.00,0.4525301675103006,1.496154234209833
13-1074.00,-0.7003252548002925,-0.48964207712693303
13-1075.00,0.8158042750848569,1.4830883165145892
13-1081.00,1.3529544534195102,1.2021227457200288
13-1081.00,1.3529544534195102,1.0318759767866525
13-1081.00,1.3529544534195102,1.0707309217952221
13-1081.01,1.4850403696666459,1.2021227457200288
13-1081.01,1.4850403696666459,1.0318759767866525
13-1081.01,1.4850403696666459,1.0707309217952221
13-1081.02,1.6224662177809268,1.2021227457200288
13-1081.02,1.6224662177809268,1.0318759767866525
13-1081.02,1.6224662177809268,1.0707309217952221
13-1111.00,0.9351937417537909,1.387782830813226
13-1121.00,0.08794569485789207,0.43901421281783004
13-1131.00,0.7444168795832627,1.4018351736817902
13-1141.00,1.091367939395135,1.2981341231468158
13-1151.00,0.7582697063277035,1.303228948317041
13-1161.00,1.2626645299893733,1.2924872133598428
13-1161.00,1.2626645299893733,1.4043321824618835
13-1161.01,1.1245889644877578,1.2924872133598428
13-1161.01,1.1245889644877578,1.4043321824618835
13-1199.04,1.5360856216285326,1.3443426377531058
13-1199.04,1.5360856216285326,1.2868596964875887
13-1199.04,1.5360856216285326,1.0922052290637256
13-1199.05,1.0908788511680299,1.3443426377531058
13-1199.05,1.0908788511680299,1.2868596964875887
13-1199.05,1.0908788511680299,1.0922052290637256
13-1199.06,1.1064291717487604,1.3443426377531058
13-1199.06,1.1064291717487604,1.2868596964875887
13-1199.06,1.1064291717487604,1.0922052290637256
13-2011.00,1.4437065588804774,1.1509743700025192
13-2023.00,1.084385411922279,0.5691429969740112
13-2031.00,1.1943893322605683,1.2355091360708896
13-2041.00,1.1415235607341443,1.1470360931538577
13-2052.00,0.8732702448018501,1.2916120701293414
13-2053.00,1.0985138099589689,1.1970531280085477
13-2061.00,1.1461149966181137,1.3493684318764831
13-2071.00,0.6303671655343247,1.331766830811028
13-2072.00,0.22549686678017605,1.2834509476738958
13-2081.00,0.9058551035289725,1.1573993233022202
13-2082.00,0.9144655751119467,1.0385229366645192
13-2099.01,0.8584339425845364,1.17296242650823
13-2099.01,0.8584339425845364,1.296256989392302
13-2099.04,0.9081504180097945,1.17296242650823
13-2099.04,0.9081504180097945,1.296256989392302
15-1211.00,1.4425662902526202,0.8604172762938648
15-1211.00,1.4425662902526202,1.0652240654212297
15-1211.01,1.2615254309834067,0.8604172762938648
15-1211.01,1.2615254309834067,1.0652240654212297
15-1212.00,1.4719132930289744,0.9771383099845946
15-1221.00,1.4926740647377565,0.8997315925059343
15-1231.00,0.8932620150932483,0.5843290901216516
15-1232.00,0.3234336674239507,0.4556874307231511
15-1241.00,1.3501790423787592,0.7734727236836332
15-1241.00,1.3501790423787592,0.2824202837158738
15-1241.01,0.4442754790244088,0.7734727236836332
15-1241.01,0.4442754790244088,0.2824202837158738
15-1242.00,1.704749572802455,1.0262809086817772
15-1243.00,1.5692365802096084,0.9990982930925623
15-1243.00,1.5692365802096084,1.135221918220471
15-1243.01,1.5238636233974907,0.9990982930925623
15-1243.01,1.5238636233974907,1.135221918220471
15-1244.00,1.340917917353207,0.4004357529633236
15-1251.00,1.5347067134551364,0.9569075207319238
15-1253.00,1.1584374832539803,1.028378282799914
15-1254.00,1.6245713716803325,0.7180962361927956
15-1255.01,1.8369197306450713,0.7139642093847143
15-1299.01,1.4087382402387574,0.8986957433149898
15-1299.01,1.4087382402387574,0.7031109464320071
15-1299.01,1.4087382402387574,1.001116683693956
15-1299.01,1.4087382402387574,1.0181940957408038
15-1299.01,1.4087382402387574,1.271334318053643
15-1299.02,1.6478040026206913,0.8986957433149898
15-1299.02,1.6478040026206913,0.7031109464320071
15-1299.02,1.6478040026206913,1.001116683693956
15-1299.02,1.6478040026206913,1.0181940957408038
15-1299.02,1.6478040026206913,1.271334318053643
15-1299.03,1.3917281467505536,0.8986957433149898
15-1299.03,1.3917281467505536,0.7031109464320071
15-1299.03,1.3917281467505536,1.001116683693956
15-1299.03,1.3917281467505536,1.0181940957408038
15-1299.03,1.3917281467505536,1.271334318053643
15-1299.08,1.5503398498293237,0.8986957433149898
15-1299.08,1.5503398498293237,0.7031109464320071
15-1299.08,1.5503398498293237,1.001116683693956
15-1299.08,1.5503398498293237,1.0181940957408038
15-1299.08,1.5503398498293237,1.271334318053643
15-1299.09,1.5165483874129582,0.8986957433149898
15-1299.09,1.5165483874129582,0.7031109464320071
15-1299.09,1.5165483874129582,1.001116683693956
15-1299.09,1.5165483874129582,1.0181940957408038
15-1299.09,1.5165483874129582,1.271334318053643
15-2011.00,1.2572828003923886,1.1937952124479392
15-2021.00,1.6460159680717787,1.1391489251278353
15-2031.00,1.3992181876568885,1.1683656564421128
15-2041.00,1.317365113612071,1.1251521135468905
15-2041.00,1.317365113612071,1.2889524488322812
15-2041.01,1.207428832068255,1.1251521135468905
15-2041.01,1.207428832068255,1.2889524488322812
15-2051.01,1.1022042973394355,1.469932021871245
15-2051.01,1.1022042973394355,1.3092704124884482
15-2051.02,1.2803082076558512,1.469932021871245
15-2051.02,1.2803082076558512,1.3092704124884482
15-2099.01,1.832216115973548,1.0680692648841281
17-1011.00,2.159554947948712,0.6211250887124351
17-1012.00,1.7210036218647553,0.8127241547701481
17-1021.00,1.5596795061282553,0.39776867951800876
17-1022.00,0.5886761724786677,-0.35951614943129273
17-1022.00,0.5886761724786677,0.13648939931373022
17-1022.01,1.1116767197333397,-0.35951614943129273
17-1022.01,1.1116767197333397,0.13648939931373022
17-2011.00,1.5724027559303266,1.0501592333398202
17-2021.00,1.288458058664445,0.6176154736006054
17-2031.00,1.5136525711692332,0.6624441380911632
17-2041.00,2.1070125842012852,0.8367571194531821
17-2051.00,1.8742989628222073,0.9094803497102814
17-2051.00,1.8742989628222073,0.9763090199065483
17-2051.00,1.8742989628222073,0.9935093680804701
17-2051.01,1.7295915253574168,0.9094803497102814
17-2051.01,1.7295915253574168,0.9763090199065483
17-2051.01,1.7295915253574168,0.9935093680804701
17-2051.02,1.9456766128190377,0.9094803497102814
17-2051.02,1.9456766128190377,0.9763090199065483
17-2051.02,1.9456766128190377,0.9935093680804701
17-2061.00,1.5656921066047123,0.8582908889643849
17-2071.00,1.3608473470420466,0.8063041120448523
17-2072.00,1.2655928610715557,0.3479465557459867
17-2072.00,1.2655928610715557,0.6282399849611223
17-2072.01,0.7553201534001776,0.3479465557459867
17-2072.01,0.7553201534001776,0.6282399849611223
17-2081.00,1.6005323120840411,1.1694320643423755
17-2111.00,1.2703766789337052,0.667391180848061
17-2111.00,1.2703766789337052,0.9239842098658836
17-2111.02,1.753840985989022,0.667391180848061
17-2111.02,1.753840985989022,0.9239842098658836
17-2112.00,1.184328247577807,0.7046951600371504
17-2112.00,1.184328247577807,1.1824048751579075
17-2112.00,1.184328247577807,0.882823501106159
17-2112.00,1.184328247577807,0.2195648972679391
17-2112.01,1.5578172749096877,0.7046951600371504
17-2112.01,1.5578172749096877,1.1824048751579075
17-2112.01,1.5578172749096877,0.882823501106159
17-2112.01,1.5578172749096877,0.2195648972679391
17-2112.02,1.1184271450574186,0.7046951600371504
17-2112.02,1.1184271450574186,1.1824048751579075
17-2112.02,1.1184271450574186,0.882823501106159
17-2112.02,1.1184271450574186,0.2195648972679391
17-2112.03,0.954679206051737,0.7046951600371504
17-2112.03,0.954679206051737,1.1824048751579075
17-2112.03,0.954679206051737,0.882823501106159
17-2112.03,0.954679206051737,0.2195648972679391
17-2121.00,1.1124089439752205,0.30772989910317955
17-2131.00,1.4309093232908434,0.6326422316184348
17-2141.00,1.635750076891778,0.7620075273996127
17-2141.00,1.635750076891778,0.5758798695942032
17-2141.00,1.635750076891778,0.5744548970742889
17-2141.01,1.3459360990379254,0.7620075273996127
17-2141.01,1.3459360990379254,0.5758798695942032
17-2141.01,1.3459360990379254,0.5744548970742889
17-2141.02,1.7287270958076486,0.7620075273996127
17-2141.02,1.7287270958076486,0.5758798695942032
17-2141.02,1.7287270958076486,0.5744548970742889
17-2151.00,1.8410719936396636,0.9636837738271543
17-2161.00,1.420347539088803,1.0058456181738629
17-2171.00,1.6764336961388797,1.062390587320816
17-2199.03,1.6141630439509302,1.036465581974758
17-2199.03,1.6141630439509302,0.7256836572065145
17-2199.03,1.6141630439509302,0.49189862173297644
17-2199.03,1.6141630439509302,0.5183794591514944
17-2199.03,1.6141630439509302,0.09515638584706143
17-2199.03,1.6141630439509302,0.48646479764294204
17-2199.03,1.6141630439509302,0.7003164335613566
17-2199.03,1.6141630439509302,0.3680345834818245
17-2199.05,1.255605423814479,1.036465581974758
17-2199.05,1.255605423814479,0.7256836572065145
17-2199.05,1.255605423814479,0.49189862173297644
17-2199.05,1.255605423814479,0.5183794591514944
17-2199.05,1.255605423814479,0.09515638584706143
17-2199.05,1.255605423814479,0.48646479764294204
17-2199.05,1.255605423814479,0.7003164335613566
17-2199.05,1.255605423814479,0.3680345834818245
17-2199.06,0.9607223980870969,1.036465581974758
17-2199.06,0.9607223980870969,0.7256836572065145
17-2199.06,0.9607223980870969,0.49189862173297644
17-2199.06,0.9607223980870969,0.5183794591514944
17-2199.06,0.9607223980870969,0.09515638584706143
17-2199.06,0.9607223980870969,0.48646479764294204
17-2199.06,0.9607223980870969,0.7003164335613566
17-2199.06,0.9607223980870969,0.3680345834818245
17-2199.07,1.57053835056624,1.036465581974758
17-2199.07,1.57053835056624,0.7256836572065145
17-2199.07,1.57053835056624,0.49189862173297644
17-2199.07,1.57053835056624,0.5183794591514944
17-2199.07,1.57053835056624,0.09515638584706143
17-2199.07,1.57053835056624,0.48646479764294204
17-2199.07,1.57053835056624,0.7003164335613566
17-2199.07,1.57053835056624,0.3680345834818245
17-2199.08,1.1977110609572221,1.036465581974758
17-2199.08,1.1977110609572221,0.7256836572065145
17-2199.08,1.1977110609572221,0.49189862173297644
17-2199.08,1.1977110609572221,0.5183794591514944
17-2199.08,1.1977110609572221,0.09515638584706143
17-2199.08,1.1977110609572221,0.48646479764294204
17-2199.08,1.1977110609572221,0.7003164335613566
17-2199.08,1.1977110609572221,0.3680345834818245
17-2199.09,0.9926418007435337,1.036465581974758
17-2199.09,0.9926418007435337,0.7256836572065145
17-2199.09,0.9926418007435337,0.49189862173297644
17-2199.09,0.9926418007435337,0.5183794591514944
17-2199.09,0.9926418007435337,0.09515638584706143
17-2199.09,0.9926418007435337,0.48646479764294204
17-2199.09,0.9926418007435337,0.7003164335613566
17-2199.09,0.9926418007435337,0.3680345834818245
17-2199.10,1.602602762330198,1.036465581974758
17-2199.10,1.602602762330198,0.7256836572065145
17-2199.10,1.602602762330198,0.49189862173297644
17-2199.10,1.602602762330198,0.5183794591514944
17-2199.10,1.602602762330198,0.09515638584706143
17-2199.10,1.602602762330198,0.48646479764294204
17-2199.10,1.602602762330198,0.7003164335613566
17-2199.10,1.602602762330198,0.3680345834818245
17-2199.11,0.7262369386008454,1.036465581974758
17-2199.11,0.7262369386008454,0.7256836572065145
17-2199.11,0.7262369386008454,0.49189862173297644
17-2199.11,0.7262369386008454,0.5183794591514944
17-2199.11,0.7262369386008454,0.09515638584706143
17-2199.11,0.7262369386008454,0.48646479764294204
17-2199.11,0.7262369386008454,0.7003164335613566
17-2199.11,0.7262369386008454,0.3680345834818245
17-3011.00,1.756386400640181,0.4992167645129086
17-3012.00,1.4216137668970548,0.5177075795040348
17-3013.00,1.841571062417273,0.30618816510575775
17-3021.00,0.5782936426921782,0.12293334544852594
17-3022.00,1.5376917942834343,0.47965158218726367
17-3023.00,1.0481714876631398,0.03619196350682637
17-3024.00,0.32605059211381127,-0.675923805657428
17-3024.00,0.32605059211381127,-0.6019210056133187
17-3024.01,0.2748862209035375,-0.675923805657428
17-3024.01,0.2748862209035375,-0.6019210056133187
17-3025.00,0.3524367357966785,-0.20562423069439612
17-3026.00,1.0697696812381432,0.2713612146227769
17-3026.00,1.0697696812381432,-0.06842317437718701
17-3026.01,0.41638462271279514,0.2713612146227769
17-3026.01,0.41638462271279514,-0.06842317437718701
17-3027.00,0.22422543835487344,-0.31254806621307485
17-3027.00,0.22422543835487344,-0.437608597201553
17-3027.01,0.10872152954470493,-0.31254806621307485
17-3027.01,0.10872152954470493,-0.437608597201553
17-3029.01,0.25482816642223743,-0.4523266145023907
17-3029.01,0.25482816642223743,-0.33320075088928325
17-3029.08,0.4699460974469132,-0.4523266145023907
17-3029.08,0.4699460974469132,-0.33320075088928325
17-3031.00,1.0395771216940326,-0.2691111129241262
19-1011.00,0.8729626653300592,0.8286729808486759
19-1012.00,1.056754499080293,0.49781325800511406
19-1013.00,0.7149304239979803,0.49570536359177814
19-1021.00,1.0530557792533708,0.7691254198827921
19-1022.00,1.0900254987465237,0.39968119773617133
19-1023.00,0.20015302531170998,0.2716228864411392
19-1029.01,1.5420123913672112,0.9762549454591493
19-1029.01,1.5420123913672112,0.7015095878359815
19-1029.01,1.5420123913672112,0.9073934295794743
19-1029.01,1.5420123913672112,0.5894174316302693
19-1029.02,0.8044403244844999,0.9762549454591493
19-1029.02,0.8044403244844999,0.7015095878359815
19-1029.02,0.8044403244844999,0.9073934295794743
19-1029.02,0.8044403244844999,0.5894174316302693
19-1029.03,1.0259988098260948,0.9762549454591493
19-1029.03,1.0259988098260948,0.7015095878359815
19-1029.03,1.0259988098260948,0.9073934295794743
19-1029.03,1.0259988098260948,0.5894174316302693
19-1029.04,0.8865679490158769,0.9762549454591493
19-1029.04,0.8865679490158769,0.7015095878359815
19-1029.04,0.8865679490158769,0.9073934295794743
19-1029.04,0.8865679490158769,0.5894174316302693
19-1031.00,0.16439326746001384,-0.07025912336193449
19-1031.00,0.16439326746001384,0.041878978347802895
19-1031.00,0.16439326746001384,0.16803551751860785
19-1031.02,0.4698042174694006,-0.07025912336193449
19-1031.02,0.4698042174694006,0.041878978347802895
19-1031.02,0.4698042174694006,0.16803551751860785
19-1031.03,0.010065715898395226,-0.07025912336193449
19-1031.03,0.010065715898395226,0.041878978347802895
19-1031.03,0.010065715898395226,0.16803551751860785
19-1032.00,0.31778771905292985,-0.261258896025667
19-1041.00,1.440020228052409,1.299484094229297
19-1042.00,1.1119204248757295,0.9790924822533037
19-2011.00,1.7975647583165022,0.9496038752711196
19-2012.00,1.6446178654780281,1.0610623178316492
19-2021.00,1.229169466004989,1.1945412413127088
19-2031.00,0.7899084292319535,0.3941282303527899
19-2032.00,1.5933178993802408,0.851317884963432
19-2041.00,1.1390873099493186,0.9437632890507336
19-2041.00,1.1390873099493186,1.3619107508476072
19-2041.00,1.1390873099493186,0.49037567356354933
19-2041.00,1.1390873099493186,1.242729160580902
19-2041.01,1.3291095602452083,0.9437632890507336
19-2041.01,1.3291095602452083,1.3619107508476072
19-2041.01,1.3291095602452083,0.49037567356354933
19-2041.01,1.3291095602452083,1.242729160580902
19-2041.02,0.922593731845827,0.9437632890507336
19-2041.02,0.922593731845827,1.3619107508476072
19-2041.02,0.922593731845827,0.49037567356354933
19-2041.02,0.922593731845827,1.242729160580902
19-2041.03,1.3921172352574784,0.9437632890507336
19-2041.03,1.3921172352574784,1.3619107508476072
19-2041.03,1.3921172352574784,0.49037567356354933
19-2041.03,1.3921172352574784,1.242729160580902
19-2042.00,1.0580245314275654,0.6220751765253054
19-2043.00,0.7738149454851119,0.4813251302174889
19-2099.01,1.4112932468780612,0.8801722840246259
19-3011.00,0.8128340489480443,1.3911795407868124
19-3011.00,0.8128340489480443,1.2543133202035903
19-3011.01,1.086531096959823,1.3911795407868124
19-3011.01,1.086531096959823,1.2543133202035903
19-3022.00,1.1555144803718012,1.2138030466135792
19-3032.00,1.1713392672855176,1.410462970664234
19-3033.00,0.5426587169516561,1.5139284139590996
19-3034.00,0.5570182359360433,1.46675667891877
19-3041.00,0.5457227671430327,1.6242498835967183
19-3051.00,1.5031872519128928,1.043545850610473
19-3091.00,0.21476338948974855,0.5874743293280172
19-3092.00,1.4766264614750504,1.2673428036797163
19-3093.00,0.14728606465569904,1.4285461931571215
19-3094.00,0.39091998747125134,1.6539230871668211
19-3099.01,1.9298421167318516,1.054969923454097
19-4012.00,0.2735909606076603,-0.36573477627666306
19-4012.00,0.2735909606076603,-0.1015326062971123
19-4012.01,0.6789550268644605,-0.36573477627666306
19-4012.01,0.6789550268644605,-0.1015326062971123
19-4013.00,0.5127955788886367,0.225418504988091
19-4021.00,0.4956273840265359,0.05413930377443735
19-4031.00,0.25671887156369955,-0.144960609983756
19-4042.00,0.3676922774326032,-0.12161135668852806
19-4043.00,0.265853811179138,-0.06375541353582181
19-4051.00,0.40012684564028217,-0.3257046468091174
19-4051.00,0.40012684564028217,-0.0007283999199748074
19-4051.02,0.39261430805970277,-0.3257046468091174
19-4051.02,0.39261430805970277,-0.0007283999199748074
19-4061.00,1.1807481540720113,1.070941830964614
19-4071.00,-0.21559380200889652,-0.8507373140157208
19-4092.00,0.6135008089731743,-0.09263950796155412
19-4099.01,0.19620844944897434,-0.0653069255764181
19-4099.01,0.19620844944897434,0.4620119950752897
19-4099.03,1.5377141564823464,-0.0653069255764181
19-4099.03,1.5377141564823464,0.4620119950752897
19-5011.00,1.0960767749834421,0.5248548940604044
19-5012.00,0.3933794573756781,0.25266488496722866
21-1011.00,0.1599985702623208,0.9019095519144981
21-1012.00,0.3132638946286744,1.1306631410657293
21-1013.00,0.7979999993402843,1.5497100029960096
21-1014.00,0.46183891562586915,1.4273527322201798
21-1015.00,0.26997929567205947,1.3032096095419305
21-1021.00,0.08626343385161363,0.8884909156287863
21-1022.00,0.16440097089857356,1.2319496790424846
21-1023.00,0.46858812465732796,1.3175590524065972
21-1091.00,-0.026190879130131055,0.8999211312466718
21-1092.00,-0.6910038399944185,0.49048629326118504
21-1093.00,0.33397713786090955,0.8353260488502102
21-1094.00,-0.27195298862554956,0.056084590847490505
21-2011.00,0.543570537784835,1.582491558987067
21-2021.00,0.6909076071522744,1.2915011576843205
23-1011.00,0.9091626482932053,1.3914650822385395
23-1012.00,0.8095329953539526,1.4104848447047453
23-1021.00,0.4915027164463261,1.5575443477695705
23-1022.00,0.48208907660636885,1.6379772134128672
23-1023.00,0.8524142088286387,1.6768657340607904
23-2011.00,0.8896269071564405,1.2685989968973994
23-2093.00,0.5006131758794024,1.320724390255869
25-1011.00,0.26241718195973607,1.5576503422279222
25-1021.00,0.7551242142092769,1.3270669751981061
25-1022.00,0.5003304610387087,1.343762892386168
25-1031.00,1.1907134379273223,1.1812307570310416
25-1032.00,1.0340368012391274,1.2732456929188192
25-1041.00,-0.392152625960771,1.0879538818733672
25-1042.00,0.403918560158196,1.4304061794479164
25-1043.00,0.17693885494764736,1.1878083545111573
25-1051.00,0.43479335249099543,1.4601313048354991
25-1052.00,0.6901372452801435,1.3873035728658303
25-1053.00,0.5005602069458145,1.5425382068624243
25-1054.00,0.22034908417734153,1.1749670157399597
25-1061.00,0.6593314076518767,1.4726733998449302
25-1062.00,0.3364723909701866,1.6087984018694577
25-1063.00,0.43217199478282475,1.3994056652645965
25-1064.00,0.38611580731462064,1.5680840114076897
25-1065.00,0.2094999326109226,1.7108324590087804
25-1066.00,0.19370070429014802,1.65709316655419
25-1067.00,0.1422862091115907,1.7117362363955888
25-1071.00,-0.04466294000491192,1.160265760120844
25-1072.00,-0.22992803067006007,0.6726007114133524
25-1081.00,-0.06735121518969209,1.5631858103826572
25-1082.00,0.5467122041491541,1.565897687323702
25-1111.00,0.26496175466999283,1.6952013887953412
25-1112.00,0.1532538139992392,1.7435498986809381
25-1113.00,0.24564748517102372,1.690245388045068
25-1121.00,0.41559381920904015,0.9394098596459097
25-1122.00,0.19670289420961481,1.6421101733213703
25-1123.00,0.2605190413673129,1.7991934546460207
25-1124.00,-0.1883841156696615,1.7557003257379267
25-1125.00,0.36463417585901825,1.7551640445515002
25-1126.00,0.1783900950334286,1.741513670894808
25-1192.00,0.49522279826983806,1.4052479086428433
25-1193.00,0.3474722046521255,1.366431675213584
25-1194.00,-0.4582172653831682,0.31463722298944546
25-2011.00,-0.5270728924031435,0.24587432592924413
25-2012.00,-0.43557549860689576,0.5807565335410665
25-2021.00,0.4532388143005136,0.9487121574649782
25-2022.00,0.8840495122855021,1.2196791560089206
25-2023.00,0.023971821090739233,0.5745394891510778
25-2031.00,0.8090144391044065,1.1834425094695553
25-2032.00,0.07796298641586331,0.34710402269066076
25-2051.00,-0.40583918969064037,0.5823307588105167
25-2057.00,0.8986204837365432,1.2703631341143706
25-2058.00,0.6373915829584021,0.9318154355612873
25-2059.01,-1.3498997486825715,-0.29158569235741244
25-3011.00,0.6804202806717077,1.3773327731932394
25-3021.00,-0.1476171973558547,0.7545303661318488
25-3041.00,0.49308218184500746,1.4642849079248048
25-4011.00,0.7485436033276528,0.6210358912265501
25-4012.00,1.1559218186854658,0.5835455613249592
25-4013.00,0.11634147106272001,-0.19238847906055057
25-4022.00,0.21302217906041673,0.783273060548645
25-4031.00,-0.49903374004013895,0.10140273641229838
25-9021.00,0.7123840852208001,0.735964188763485
25-9031.00,1.041025689863945,1.3353484851103434
25-9044.00,0.2714169483305863,1.3129611131258951
27-1011.00,2.1416724936360563,0.6583794244484293
27-1012.00,-0.3374002807674012,-1.0088583937714117
27-1013.00,0.7902158195220497,-0.7872922837616873
27-1014.00,1.703079287870472,0.3567265463435724
27-1021.00,1.8295793898278598,0.48637508310614497
27-1022.00,1.1695600358203964,0.4336435756669293
27-1023.00,0.31812137467672547,-0.3018669257994484
27-1024.00,1.65688768638526,0.5293994499437592
27-1025.00,2.2688715590906816,0.7516463059384997
27-1026.00,-0.9572679206938792,-0.824116595074784
27-1027.00,1.0637119912004822,0.18909552371000823
27-2011.00,-0.5135239071464359,0.5051455421817965
27-2012.00,0.9821895333251359,0.6099271506263947
27-2012.00,0.9821895333251359,0.9131361682634651
27-2012.00,0.9821895333251359,1.2415936807774568
27-2012.00,0.9821895333251359,0.37554110101982247
27-2012.03,0.9906130405999422,0.6099271506263947
27-2012.03,0.9906130405999422,0.9131361682634651
27-2012.03,0.9906130405999422,1.2415936807774568
27-2012.03,0.9906130405999422,0.37554110101982247
27-2012.04,0.9105140025016877,0.6099271506263947
27-2012.04,0.9105140025016877,0.9131361682634651
27-2012.04,0.9105140025016877,1.2415936807774568
27-2012.04,0.9105140025016877,0.37554110101982247
27-2012.05,1.2074109260334207,0.6099271506263947
27-2012.05,1.2074109260334207,0.9131361682634651
27-2012.05,1.2074109260334207,1.2415936807774568
27-2012.05,1.2074109260334207,0.37554110101982247
27-2021.00,-2.5237214081174013,-1.3864268890383715
27-2022.00,-0.035808082991717234,0.24242929857684714
27-2023.00,0.009223477196105412,-0.2479527368788923
27-2031.00,-3.6953490663838533,-1.8952542229088813
27-2032.00,-2.332975846326261,-0.9771841077184907
27-2041.00,-0.7206111291600922,0.5221042452752575
27-2042.00,-0.8691770148914622,0.054978420010298304
27-3011.00,-0.05160114133459684,1.0571308456815685
27-3023.00,0.6174750719765998,1.2917337356694962
27-3031.00,0.4828474329780293,1.487811031574701
27-3041.00,1.0989220923183995,1.1248388120099841
27-3042.00,1.1136872894804482,1.2522956394269493
27-3043.00,0.599126598020536,1.4357403493078416
27-3043.00,0.599126598020536,0.9803731664184349
27-3043.05,0.9252939836230921,1.4357403493078416
27-3043.05,0.9252939836230921,0.9803731664184349
27-3091.00,-0.038443752400256825,1.2497274067406008
27-3092.00,-0.7392289774301237,0.80026834815872
27-4011.00,0.11139532170950908,-0.20222970277318805
27-4012.00,0.45809024849897606,-0.19222467586052897
27-4014.00,0.2773502226428036,0.18112188260948156
27-4021.00,1.1346774559184607,-0.5602128350716172
27-4031.00,0.26125931711972405,-0.716958482931652
27-4032.00,1.7510777328212426,0.5681052474112741
29-1011.00,-0.8601175700726377,-0.02805309057597276
29-1021.00,-0.00931479779382647,-0.4321997739757858
29-1022.00,-0.15083686111183364,-0.41461122728132593
29-1023.00,0.20403965747431593,-0.0017613637433480168
29-1024.00,0.004841419688228998,-0.2974096642886123
29-1031.00,1.1208367051021901,1.33667548548999
29-1041.00,0.8698899956324979,0.2662900829813315
29-1051.00,0.32641679986313304,0.5044200653183887
29-1071.00,-0.025789061301944135,0.2797364413114257
29-1071.00,-0.025789061301944135,-0.3237427824597748
29-1071.01,-0.1976434553818923,0.2797364413114257
29-1071.01,-0.1976434553818923,-0.3237427824597748
29-1081.00,0.44421949275976647,0.4257915034186802
29-1122.00,-0.5077574874510326,0.26358482236128244
29-1122.00,-0.5077574874510326,0.38414621693922174
29-1122.01,0.3388280266686208,0.26358482236128244
29-1122.01,0.3388280266686208,0.38414621693922174
29-1123.00,-1.027794042223706,-0.1854862750451342
29-1124.00,-0.22019913111165776,-0.4003423628082766
29-1125.00,-0.8505287958933204,-0.030810979242366813
29-1126.00,-0.373831655063186,-0.28216241727085667
29-1127.00,0.18833125964572162,1.4610989405689767
29-1128.00,-0.874879020917044,0.2334614808359589
29-1129.01,0.2678707131034878,0.5182032003736979
29-1129.01,0.2678707131034878,0.4338818641732827
29-1129.02,-0.49295300039654644,0.5182032003736979
29-1129.02,-0.49295300039654644,0.4338818641732827
29-1131.00,-0.25274244334215445,-0.09416707019258265
29-1141.00,-0.6860888086267166,-0.14551502577185363
29-1141.00,-0.6860888086267166,0.5396866557512542
29-1141.00,-0.6860888086267166,1.043408681283125
29-1141.00,-0.6860888086267166,-0.15711977858119439
29-1141.00,-0.6860888086267166,0.1711521868772499
29-1141.01,0.564975202845594,-0.14551502577185363
29-1141.01,0.564975202845594,0.5396866557512542
29-1141.01,0.564975202845594,1.043408681283125
29-1141.01,0.564975202845594,-0.15711977858119439
29-1141.01,0.564975202845594,0.1711521868772499
29-1141.02,0.5775840158156206,-0.14551502577185363
29-1141.02,0.5775840158156206,0.5396866557512542
29-1141.02,0.5775840158156206,1.043408681283125
29-1141.02,0.5775840158156206,-0.15711977858119439
29-1141.02,0.5775840158156206,0.1711521868772499
29-1141.03,-0.48824374059842235,-0.14551502577185363
29-1141.03,-0.48824374059842235,0.5396866557512542
29-1141.03,-0.48824374059842235,1.043408681283125
29-1141.03,-0.48824374059842235,-0.15711977858119439
29-1141.03,-0.48824374059842235,0.1711521868772499
29-1141.04,-0.2575844582385056,-0.14551502577185363
29-1141.04,-0.2575844582385056,0.5396866557512542
29-1141.04,-0.2575844582385056,1.043408681283125
29-1141.04,-0.2575844582385056,-0.15711977858119439
29-1141.04,-0.2575844582385056,0.1711521868772499
29-1151.00,0.09181233380686421,0.052442042190636994
29-1161.00,-0.23421517891700752,0.19980286921486318
29-1171.00,-0.13546903640857044,0.2737704185721863
29-1181.00,-0.07240139849559919,0.706974692574466
29-1211.00,-0.19441874303799764,0.1340766744531926
29-1213.00,0.48827709964281873,0.4136176162665697
29-1215.00,0.3532730258013628,0.977291007639985
29-1216.00,0.6889811005492329,0.8100756222107146
29-1217.00,1.5223216251670224,1.1026407107489795
29-1218.00,-0.1446226385880418,0.2714624202132716
29-1221.00,0.4389710271187804,1.066414914755378
29-1222.00,0.9627466114972317,0.7682114380648586
29-1223.00,0.7007062782227526,1.3022380216335225
29-1224.00,0.7832009148287968,0.4471677440464137
29-1229.01,0.9530081767472921,0.9787628262712152
29-1229.01,0.9530081767472921,0.6821585953716335
29-1229.01,0.9530081767472921,0.11222184711857967
29-1229.01,0.9530081767472921,0.41373561845143914
29-1229.01,0.9530081767472921,1.394769733219063
29-1229.01,0.9530081767472921,0.15259551529167809
29-1229.02,0.4578654795117973,0.9787628262712152
29-1229.02,0.4578654795117973,0.6821585953716335
29-1229.02,0.4578654795117973,0.11222184711857967
29-1229.02,0.4578654795117973,0.41373561845143914
29-1229.02,0.4578654795117973,1.394769733219063
29-1229.02,0.4578654795117973,0.15259551529167809
29-1229.03,-0.026991845353809392,0.9787628262712152
29-1229.03,-0.026991845353809392,0.6821585953716335
29-1229.03,-0.026991845353809392,0.11222184711857967
29-1229.03,-0.026991845353809392,0.41373561845143914
29-1229.03,-0.026991845353809392,1.394769733219063
29-1229.03,-0.026991845353809392,0.15259551529167809
29-1229.04,0.3368315506568928,0.9787628262712152
29-1229.04,0.3368315506568928,0.6821585953716335
29-1229.04,0.3368315506568928,0.11222184711857967
29-1229.04,0.3368315506568928,0.41373561845143914
29-1229.04,0.3368315506568928,1.394769733219063
29-1229.04,0.3368315506568928,0.15259551529167809
29-1229.05,1.3593441218988236,0.9787628262712152
29-1229.05,1.3593441218988236,0.6821585953716335
29-1229.05,1.3593441218988236,0.11222184711857967
29-1229.05,1.3593441218988236,0.41373561845143914
29-1229.05,1.3593441218988236,1.394769733219063
29-1229.05,1.3593441218988236,0.15259551529167809
29-1229.06,-0.028689375524219886,0.9787628262712152
29-1229.06,-0.028689375524219886,0.6821585953716335
29-1229.06,-0.028689375524219886,0.11222184711857967
29-1229.06,-0.028689375524219886,0.41373561845143914
29-1229.06,-0.028689375524219886,1.394769733219063
29-1229.06,-0.028689375524219886,0.15259551529167809
29-1241.00,0.5906336296262175,-0.009157375039363185
29-1291.00,-0.3405393215075756,0.029113258467085876
29-1292.00,-0.6012571931721091,-0.5520667565479499
29-1299.01,1.129628499347284,1.0532826994436169
29-1299.01,1.129628499347284,0.5651197884809763
29-1299.02,0.5516988547763434,1.0532826994436169
29-1299.02,0.5516988547763434,0.5651197884809763
29-2011.00,0.5719667963945886,-0.22243887171729956
29-2011.00,0.5719667963945886,0.308972813549875
29-2011.00,0.5719667963945886,-0.0915843884254532
29-2011.01,1.168523547210596,-0.22243887171729956
29-2011.01,1.168523547210596,0.308972813549875
29-2011.01,1.168523547210596,-0.0915843884254532
29-2011.02,1.028364662096895,-0.22243887171729956
29-2011.02,1.028364662096895,0.308972813549875
29-2011.02,1.028364662096895,-0.0915843884254532
29-2012.00,0.02044859028408591,-0.366546059609405
29-2031.00,-0.3095635933122087,-0.2132036481588372
29-2032.00,-0.3091541422256207,-0.35797500944996047
29-2033.00,0.14389330136825665,-0.10318732783478476
29-2034.00,-0.3717179475477347,-0.42243771271330177
29-2035.00,-0.20690920025319948,-0.252620218411012
29-2051.00,-0.24602969555934534,-0.1797459284999864
29-2052.00,-0.45451250365984985,-0.057360525716004716
29-2053.00,-1.0156954004171335,-0.01740103933405451
29-2055.00,-0.5391582627993494,-0.6286794792048387
29-2056.00,-0.7342826416603487,-0.3690515493261956
29-2057.00,-0.01722538274756811,-0.04988011512388119
29-2061.00,-1.1293626879913738,-0.36489857159891737
29-2081.00,0.3343573759557604,0.00041207931991035996
29-2091.00,0.04736594720938758,0.03351662413540537
29-2092.00,0.03994738934803482,0.4279547408808253
29-2099.01,0.323564857670788,0.1149591715088582
29-2099.01,0.323564857670788,-0.04668986389625759
29-2099.01,0.323564857670788,0.855906383211155
29-2099.05,-0.09884337070085947,0.1149591715088582
29-2099.05,-0.09884337070085947,-0.04668986389625759
29-2099.05,-0.09884337070085947,0.855906383211155
29-2099.08,0.07195202236751902,0.1149591715088582
29-2099.08,0.07195202236751902,-0.04668986389625759
29-2099.08,0.07195202236751902,0.855906383211155
29-9091.00,-0.8748061827908434,-0.17581588939014006
29-9092.00,1.2143986454994553,1.4153104848962568
29-9093.00,-0.9975186514726523,-0.7982539172634349
29-9099.01,-0.18980308338524507,0.19844145905422744
31-1121.00,-1.0743531294093769,-0.4900594671043401
31-1122.00,-1.3428898295696505,-0.34917963422903137
31-1131.00,-1.9255673564542934,-0.6648255034284639
31-1132.00,-2.8263438953657265,-1.1811918362179714
31-1133.00,-1.0692348087970196,-0.41520017654009717
31-2011.00,-1.1766408095375656,-0.2587804822425195
31-2012.00,-1.7437495201386317,-0.49767823398462624
31-2021.00,-1.2914085398028154,-0.342757825197448
31-2022.00,-1.5668547069994474,-0.5794124079957969
31-9011.00,-2.7457369667886513,-0.8457141237380639
31-9091.00,-0.6844831288880725,-0.4291105588644648
31-9092.00,-0.18975089066766312,0.09661817859209117
31-9093.00,-0.6905415735542029,-0.8660629278584789
31-9094.00,-0.2624241515524968,1.0146134415179435
31-9095.00,-0.6926293365455181,-0.10915006532424379
31-9096.00,-1.3940223642095009,-0.7099339278373276
31-9097.00,-0.42950340148629806,-0.33599251720136614
31-9099.01,0.14118369005363,1.1875211081414239
31-9099.01,0.14118369005363,-0.6165278385126994
31-9099.02,-0.5168576632397127,1.1875211081414239
31-9099.02,-0.5168576632397127,-0.6165278385126994
33-1011.00,-1.1692283633618317,-0.42220151973158493
33-1012.00,-0.2486811343700644,-0.2788984445093439
33-1021.00,-0.734099703548627,-0.7008757065035215
33-2011.00,-1.2621188512804855,-1.2750353851013843
33-2021.00,0.16714772498845967,-0.07404063501519131
33-2022.00,0.1680169721705499,-0.4263322637828057
33-3011.00,-1.5388970223468494,-0.4267365393818974
33-3012.00,-1.2713355766799623,-0.8633418007571054
33-3021.00,0.11917185300662349,-0.20919704573126013
33-3021.00,0.11917185300662349,-0.13384884881803744
33-3021.00,0.11917185300662349,1.3334915066818471
33-3021.02,0.28829561177604385,-0.20919704573126013
33-3021.02,0.28829561177604385,-0.13384884881803744
33-3021.02,0.28829561177604385,1.3334915066818471
33-3021.06,1.3159127877330206,-0.20919704573126013
33-3021.06,1.3159127877330206,-0.13384884881803744
33-3021.06,1.3159127877330206,1.3334915066818471
33-3031.00,-0.21221625364710817,-0.5920226415341604
33-3041.00,-0.5254563894444104,-0.7153156157217627
33-3051.00,-0.7895255344129355,-0.7442503701805999
33-3051.00,-0.7895255344129355,-0.19411030025229653
33-3051.04,-0.21682799789997342,-0.7442503701805999
33-3051.04,-0.21682799789997342,-0.19411030025229653
33-3052.00,-0.7830310942118002,-0.8341311741269126
33-9011.00,-1.004386454531521,-0.47532695119030643
33-9021.00,0.8081270985247356,0.5419483971882214
33-9031.00,0.9828803334985932,0.3577091399830677
33-9032.00,-0.4853830679820692,-0.5263166439728406
33-9091.00,-1.2189891230732466,-0.48231884215353654
33-9092.00,-1.0577259090270794,-0.5636223515970576
33-9093.00,-0.6878795308689578,-0.6096416133065131
33-9099.02,0.1016149619945908,-0.0977101129044899
35-1011.00,-0.4688767059683385,-0.316497979431079
35-1012.00,-0.6138002125212163,-0.2322852454320494
35-2011.00,-1.5912226599560042,-0.47569517195921246
35-2012.00,-0.8650195001322063,-0.6458140434782419
35-2013.00,-0.770217824003493,-0.7068861305002336
35-2014.00,-0.6258319924800227,-0.8481179491623505
35-2015.00,-0.821495415676418,-0.6546651740914935
35-2021.00,-1.7782698687824896,-1.0256876565646802
35-3011.00,-1.160647898300333,-0.49632041944368943
35-3023.00,-1.0314650972678592,-0.27339098630296516
35-3023.00,-1.0314650972678592,-0.5982688563305218
35-3023.01,-1.5724995309267042,-0.27339098630296516
35-3023.01,-1.5724995309267042,-0.5982688563305218
35-3031.00,-2.1820328458821283,-0.5553736260271444
35-3041.00,-1.5815374333524161,-0.5544476165609459
35-9011.00,-2.6497522789061283,-1.4156401302979431
35-9021.00,-1.9363829216214106,-1.6597426607259271
35-9031.00,-1.0176523965717283,0.10407671340382667
37-1011.00,-0.947673550921656,-0.393952370456565
37-1012.00,-0.5219500863945469,-0.6690587828776242
37-2011.00,-1.834928615371893,-1.2072828318190318
37-2012.00,-2.231311024646956,-1.1392643600090697
37-2021.00,-0.5934510663999575,-0.8134699979727007
37-3011.00,-1.7783138641098672,-1.7569618078150766
37-3012.00,-0.7221703440750532,-1.0252884608284847
37-3013.00,-1.7872315248529438,-1.6803787102763659
39-1013.00,-0.5250023254834093,-0.02370065331201686
39-1022.00,-0.6382774609121317,0.4750685979853924
39-2011.00,-1.1184236138599695,-0.8185693174131791
39-2021.00,-1.7355234872588188,-0.6147293937316135
39-3011.00,-0.4168762226118214,-0.049649515485747066
39-3012.00,0.07858711278590524,0.2895238788813964
39-3021.00,0.2873555268741385,-0.6852840601283107
39-3031.00,-0.7051537168071622,-0.1929529891332207
39-3091.00,-1.3893956334213,-0.20854943849195837
39-3092.00,-0.4329072437606567,-0.3797821783911234
39-3093.00,-1.9806686671706386,0.20258740551700813
39-4011.00,-0.5041211387975095,-0.7712897647746637
39-4021.00,-1.4397979883152268,-0.23997430379402004
39-4031.00,-0.49655881926779216,-0.19609322596395282
39-5011.00,-1.050966066624552,-0.6302533585881611
39-5012.00,-0.48935675688597413,-0.7033694443560452
39-5091.00,0.19604756882760627,-0.5837413036982618
39-5092.00,0.1584204589051085,-0.1605007007656917
39-5093.00,-1.8164722893354028,-0.5870127176440179
39-5094.00,-0.5726040040437071,-0.11801679060587258
39-6011.00,-2.031758873771497,-1.005454461231576
39-6012.00,-0.2496791721498837,1.1123159271955534
39-7011.00,-0.20732483603647042,0.9761601578684829
39-7012.00,0.29849228677717243,0.3806742151264425
39-9011.00,-0.4878692543696872,-0.03549302204222972
39-9011.00,-0.4878692543696872,-0.37777943341131764
39-9011.01,-0.9049121906148845,-0.03549302204222972
39-9011.01,-0.9049121906148845,-0.37777943341131764
39-9031.00,-3.3957145401844215,-1.2444533150692905
39-9032.00,-0.8921798865442898,0.01788180802128951
39-9041.00,-0.3025379359563371,0.6389373461244989
41-1011.00,-0.6018495263045596,0.12328161413646047
41-1012.00,0.8407252865904972,1.1739122251293272
41-2011.00,-0.9465233295324632,-0.189090718039173
41-2012.00,-0.4744187190369235,-0.18543773612988673
41-2021.00,-0.5231808426219489,0.0641400434574349
41-2022.00,-0.3610227282101413,-0.16633158965722228
41-2031.00,-0.8133209510994421,0.28144448280906986
41-3011.00,1.0013291784544076,1.0554741720330003
41-3021.00,0.5580349234228793,1.3640357156769183
41-3031.00,0.8930147308644787,1.2757983407021711
41-3041.00,0.22015707306042326,1.213715938437883
41-4011.00,0.4378819662240258,1.191792863166763
41-4011.00,0.4378819662240258,0.5838768687373446
41-4011.07,0.6694529901022713,1.191792863166763
41-4011.07,0.6694529901022713,0.5838768687373446
41-4012.00,-0.11755653247790596,0.7820852620706301
41-9011.00,-0.4439702235225447,0.257954169976161
41-9012.00,-2.025617387285142,-0.6872628780962236
41-9021.00,0.3378665633660126,1.284152718992595
41-9022.00,1.0193007968330574,0.6294981889901059
41-9031.00,1.1636079957275791,1.075242718327006
41-9041.00,-1.1015003396712981,1.7255094223698653
41-9091.00,-0.061044232216796876,1.4495782315888377
43-1011.00,0.5070876845490093,1.067803500970256
43-2011.00,-0.5737897371784639,1.1246478006074887
43-2021.00,-0.9130051585704384,1.3485910913740158
43-3011.00,0.6424715270710386,1.205354224648535
43-3021.00,0.5116180896308619,0.9107924046418574
43-3031.00,0.6384540716880552,0.7477781797744186
43-3041.00,-0.7030918393020473,0.29204237959806173
43-3051.00,0.5876781502832736,1.0027641677598926
43-3061.00,0.41584638952222497,1.2521273060836338
43-3071.00,-0.16392473855260722,0.3560146876980402
43-4011.00,0.6166837221335933,0.9585904996176997
43-4021.00,0.8137235795294218,1.2274440651664191
43-4031.00,0.2037900882324297,0.8824450730010222
43-4041.00,0.42126518356871023,1.5195466908964328
43-4051.00,0.3176129659857845,1.059081653851563
43-4061.00,0.22794438279364737,1.3646843079632562
43-4071.00,0.41992416024541707,0.16292015560531256
43-4081.00,-0.0379846631803755,0.638955253648117
43-4111.00,0.2070764704072634,1.337409746100989
43-4121.00,-0.2374612555230801,0.1992850406992042
43-4131.00,0.8925264470188076,1.2094410556792468
43-4141.00,0.0972839948394819,1.1040990568521603
43-4151.00,0.6697498557274162,0.9425498844589307
43-4161.00,0.6540993139728952,1.4184587488207572
43-4171.00,0.15123496365545022,1.0321460267856106
43-4181.00,-0.6201985968704498,0.3476601199028395
43-5011.00,0.22206849226181802,0.59252965237011
43-5011.00,0.22206849226181802,1.1800289802882717
43-5011.01,1.3338680570075068,0.59252965237011
43-5011.01,1.3338680570075068,1.1800289802882717
43-5021.00,-0.9698084783569804,-1.0139673669297442
43-5031.00,0.3631491474570403,0.7178422119728538
43-5032.00,0.5019018016780259,1.1276382172223673
43-5041.00,-0.7195658783938521,-1.1198381205058192
43-5051.00,-1.3792731026524134,-0.36729004337134513
43-5052.00,-1.2203490042030838,-1.0593208409423738
43-5053.00,-1.6647553906595207,-1.0998401934322575
43-5061.00,0.8552346132749632,0.6003255693221328
43-5071.00,-0.661949234101981,-0.8268183565086079
43-5111.00,-0.10406245142700687,-0.4374990477270222
43-6011.00,0.5348655303726173,1.0391955013692338
43-6012.00,0.3642463322807376,1.0831436083459427
43-6013.00,0.08842400052536786,1.128981900604289
43-6014.00,0.15153075460499396,1.1892313202479556
43-9021.00,0.1805867994887999,0.09412256332052985
43-9022.00,0.4085970113949638,0.43311413686327044
43-9031.00,1.9519622664022298,0.2088323188172483
43-9041.00,0.5432586972042796,0.9429982857259218
43-9051.00,-1.119655497098425,-0.7999253423266394
43-9061.00,0.5046715268140698,0.8416507080175906
43-9071.00,-0.650762584700921,-0.6647077960689629
43-9081.00,0.5225390493727857,1.3733948353632126
43-9111.00,1.4672494760744963,0.9021383919635891
45-1011.00,-0.45990493017249034,-0.7466650363779858
45-2011.00,0.38992426883018333,-0.08852093070512165
45-2021.00,-1.160426746015514,-1.0328959885270808
45-2041.00,-2.256300384322092,-1.1252774956850626
45-2091.00,-0.9466628220753313,-1.3353983346518352
45-2092.00,-2.407393372034436,-1.8729679080256252
45-2093.00,-0.9896211906670525,-1.182564594893742
45-3031.00,-0.9834407346054911,-1.5405868534458278
45-4011.00,-1.1262067732639938,-1.201645802612084
45-4021.00,-1.5789536324280216,-1.8935777884172122
45-4022.00,-0.10251254805201973,-1.4520518300221787
45-4023.00,0.00119993801039995,-0.7918596029836866
47-1011.00,-0.24168935218514073,-0.4668088558732103
47-1011.00,-0.24168935218514073,-0.4691988651792986
47-1011.03,-0.231450743755264,-0.4668088558732103
47-1011.03,-0.231450743755264,-0.4691988651792986
47-2011.00,-0.9184808264120616,-1.2155698177733216
47-2021.00,-1.607100583527926,-1.7068420108225493
47-2022.00,-1.7303980802824173,-1.5815136055522545
47-2031.00,-0.8921652346261337,-1.269277858938432
47-2041.00,-1.5160371794128733,-1.5119108545927935
47-2042.00,-1.4801926751556722,-1.1422172561523467
47-2043.00,-1.980901779239562,-1.757922903439781
47-2044.00,-0.8272667217720269,-1.3831579567222674
47-2051.00,-1.6092640926681478,-1.7783736894887117
47-2053.00,-1.6153752074227143,-1.7858179230491273
47-2061.00,-1.714853706613755,-1.607889048748455
47-2071.00,-1.1036333656092492,-1.486423314667869
47-2072.00,-0.5550774359668197,-1.5529417293253263
47-2073.00,-0.14204523902259478,-1.3222904572192822
47-2081.00,-1.547492289545791,-1.5946387861252678
47-2082.00,-1.5851897966452897,-1.4413082202310383
47-2111.00,-0.3293097662883603,-1.0193162000823632
47-2121.00,-1.1494153303914667,-1.3488005443539821
47-2131.00,-1.4879488034247543,-1.6083999654958763
47-2132.00,-1.5211050369104673,-1.3212288547815998
47-2141.00,-1.659518572788797,-1.4778280277318583
47-2142.00,-1.6074583261670032,-1.665182397631388
47-2151.00,-1.1378567921180034,-1.2757000631325668
47-2152.00,-0.8425322201823698,-1.2416502034350845
47-2152.00,-0.8425322201823698,-0.9923591197112157
47-2152.04,-0.7390468144256126,-1.2416502034350845
47-2152.04,-0.7390468144256126,-0.9923591197112157
47-2161.00,-1.7083646844637876,-1.6774572408571051
47-2171.00,-2.0400187231612743,-1.8832712945967054
47-2181.00,-1.8541584401927047,-1.652690722047788
47-2211.00,-0.7941948283492276,-1.3013308203328784
47-2221.00,-1.555056765401808,-1.8020076181241322
47-2231.00,-0.3945601369129169,-1.1299358178225536
47-3011.00,-1.8039357022007352,-1.9242737401318923
47-3012.00,-1.249130223981552,-1.4671819605171046
47-3013.00,-1.0859705705003533,-1.4723520538114985
47-3014.00,-2.206138990256961,-1.8122954164166307
47-3015.00,-1.7857514859744237,-1.5600936692920844
47-3016.00,-2.0351328886173197,-1.7685278960203672
47-4011.00,0.8819560630202893,0.0885716929302055
47-4011.00,0.8819560630202893,-0.19071920454935523
47-4011.01,0.1686643769255669,0.0885716929302055
47-4011.01,0.1686643769255669,-0.19071920454935523
47-4021.00,-0.5489669436291571,-1.0785563798715676
47-4031.00,-2.0551185581034166,-1.7760257942829503
47-4041.00,-0.4689645346895484,-0.8335039505129034
47-4051.00,-1.2571872980412802,-1.3775089263184483
47-4061.00,-0.9090307240339449,-1.5953862530693865
47-4071.00,-1.0124507824446682,-1.3560886215405672
47-4091.00,-0.9255738512734258,-1.0413050277314129
47-4099.03,-0.6804049515061167,-1.0924198990999983
47-5011.00,-1.442598005115292,-1.4878341737260177
47-5012.00,-0.6158152162102639,-0.9714373313362421
47-5013.00,-0.8522142208335108,-1.1615355758445272
47-5022.00,-0.5844008902951217,-1.4611869612670174
47-5023.00,-0.0825665437270406,-1.0918397257201926
47-5032.00,-0.27397810987314425,-1.0466911053114007
47-5041.00,-0.6970582613642167,-1.452063937328282
47-5043.00,-1.5113255811482895,-1.6925976426591158
47-5044.00,-0.6902736642333365,-1.362963730825418
47-5051.00,-1.8133029241141032,-1.7142555294997055
47-5071.00,-1.3964922309889978,-1.557302016701874
47-5081.00,-1.2621181768275045,-1.671821413225039
49-1011.00,0.005502006830696977,-0.2651248425036358
49-2011.00,0.04267281518439019,-0.5399438856465787
49-2021.00,-0.5291542352463756,-0.968562152266552
49-2022.00,-0.4010258197724028,-1.0303235254988956
49-2091.00,0.061986106891925824,-0.34707506659339743
49-2092.00,-0.41050582319334233,-1.0723003434218863
49-2093.00,-0.4849772456049954,-1.0015126383805744
49-2094.00,0.11833790548768683,-0.6710725081863325
49-2095.00,-0.16638136739150744,-0.7605328209980008
49-2096.00,-0.4964350472082167,-0.9604905638962066
49-2097.00,-0.02810365895647599,-0.7949394212799106
49-2098.00,-0.5534216764946148,-0.7735487718320516
49-3011.00,-0.2586839534849395,-0.9046925651958808
49-3021.00,-0.796707489288994,-1.294050430848301
49-3022.00,-0.7550530034836543,-1.3302663504914087
49-3023.00,-0.6170509135734031,-1.0376716158030082
49-3031.00,-0.9582457094047296,-1.207755997029567
49-3041.00,-1.1138928135415962,-1.3340592180245074
49-3042.00,-0.8029383759328321,-1.3543954232367312
49-3043.00,-1.1361858205313486,-1.5833971958266448
49-3051.00,-0.8080637856948011,-1.0295896338475021
49-3052.00,-1.2744893218711117,-0.8935027587198531
49-3053.00,-0.7274957539309084,-1.0535204548246364
49-3091.00,-0.9296092672808316,-0.9129494188878443
49-3092.00,-0.911636305274702,-0.9604004909824189
49-3093.00,-1.6410020881370622,-1.5206236634242674
49-9011.00,-1.2725528253192713,-1.3778437583108354
49-9012.00,-0.48904356845309505,-0.8704116514555598
49-9021.00,-0.6349177491931898,-1.0277440263146282
49-9031.00,-0.9881653689340985,-1.0197943808628727
49-9041.00,-0.9293945330714823,-1.2612905516532031
49-9043.00,-0.8186670200094025,-1.1078837561323518
49-9044.00,-1.0363924909955518,-1.3798763781478576
49-9045.00,-1.2204066563700589,-1.3038068398351543
49-9051.00,-0.8595613894745466,-1.3753665152433885
49-9052.00,-0.9117400685418675,-1.1473065725074607
49-9061.00,1.1015685684525942,-0.4444659693336747
49-9062.00,0.03886993770191599,-0.7426996546304679
49-9063.00,-0.7564439966242246,-0.671743158744775
49-9064.00,0.6824417307144551,-0.7071522511757051
49-9071.00,-0.7739899128428501,-1.1144201753035214
49-9081.00,-0.9235137372646522,-1.1017255845310938
49-9091.00,-0.37534961903859515,-0.9421954809891263
49-9092.00,-0.8762825522605818,-1.1756452927089414
49-9094.00,-0.39913296759234923,-1.0833350528336596
49-9095.00,-1.0050056821524966,-1.5376735805654411
49-9096.00,-0.810721126153554,-1.3305621524971847
49-9097.00,-0.14167913219324385,-1.1966292638422835
49-9098.00,-1.5321831149124325,-1.4642790219856314
49-9099.01,-0.141059907127909,-0.9616513965565469
51-1011.00,-0.3308541374277027,-0.1661733669309082
51-2011.00,-0.6192732118861878,-1.0186809276972209
51-2021.00,-0.909835449961545,-0.9598178374886489
51-2022.00,-0.25349296218891765,-0.8411550133069331
51-2023.00,-0.19112174252954456,-0.7405749359621923
51-2031.00,-0.6683463922904607,-1.1376804868636565
51-2041.00,-1.0515525882207555,-1.171022748045999
51-2051.00,-0.9284709736556368,-1.3532283054214636
51-2061.00,0.5092783218133727,-0.7235075630936293
51-2092.00,-0.9091383799081745,-0.891630692115521
51-3011.00,-0.16039557910223354,-0.5603868699761467
51-3021.00,-1.0065498653134255,-1.0687940421954443
51-3022.00,-1.2936570549212802,-1.1187197647583595
51-3023.00,-2.590556198403436,-1.6420704529313521
51-3091.00,-0.7723457853696657,-0.8800281106238123
51-3092.00,-0.8509926708978616,-0.5564016554288008
51-3093.00,-1.0800719601983775,-0.7618007191060198
51-4021.00,-0.9781557924085593,-1.4212383184938364
51-4022.00,-0.7320929833490226,-0.9720432403400717
51-4023.00,-0.9925768706240391,-1.2808252716914479
51-4031.00,-0.7843798980048561,-1.2439019530642994
51-4032.00,-0.36840341420378575,-1.04781984911796
51-4033.00,-0.6677226414691061,-1.2889310385264663
51-4034.00,-0.9971510013456519,-1.2201449364506574
51-4035.00,-1.0357361307476887,-1.065258068192015
51-4041.00,-0.7058471062134642,-1.0659022640144007
51-4051.00,-0.8494716590531731,-1.3997289273281914
51-4052.00,-0.6370071343472601,-1.2375778287000476
51-4061.00,-0.5417913428244481,-0.9586024318037638
51-4062.00,-0.18686570918132916,-0.878318851264501
51-4071.00,-1.725624705229255,-1.6656250591833626
51-4072.00,-1.259495107637889,-1.2019609054936795
51-4081.00,-0.5519035565235958,-0.9978988887331866
51-4111.00,-0.09581277967849483,-0.8950067403292641
51-4121.00,-0.38705672276024455,-1.3448821859926134
51-4122.00,-0.8704133513602055,-1.1409189503325035
51-4191.00,-0.9854285086920967,-1.2656942000845781
51-4192.00,-0.12337516659586495,-1.0276789237130526
51-4193.00,-1.0863827883172725,-0.9187411848772595
51-4194.00,-0.5859922435460759,-1.1909235283218766
51-5111.00,1.4199578888330828,-0.0818008427159381
51-5112.00,-0.5090092181900802,-0.976557051660838
51-5113.00,-0.8187144067346788,-1.0053832541829173
51-6011.00,-1.4290585182582214,-0.9806435002539505
51-6021.00,-1.9653396821374054,-1.9568216337742967
51-6031.00,-0.2831683294885671,-1.368452101307337
51-6041.00,-0.736735972918981,-1.0260120174689433
51-6042.00,-0.9739996559073787,-1.1455467308542062
51-6051.00,0.4682383901967872,-1.112101817662552
51-6052.00,0.01488466091337585,-0.7740755123537396
51-6061.00,-0.6798124653792165,-1.1764867078733827
51-6062.00,-0.8778492931129427,-1.2099514453844964
51-6063.00,-1.434990517249295,-1.2070316559662702
51-6064.00,-1.366828647844858,-1.5141268420556568
51-6091.00,-0.887159685089492,-1.0153792508872859
51-6092.00,0.7186310884025184,-0.41757619730750656
51-6093.00,-0.646561803849819,-1.50262273581972
51-7011.00,-1.1160172594475695,-1.4233360385049434
51-7021.00,-0.684038042480795,-1.3335480600970806
51-7031.00,-0.583059287330932,-0.8921988022443491
51-7032.00,-0.6295121399991843,-1.2323247751410662
51-7041.00,-0.9141450688661263,-1.3607848266418383
51-7042.00,-1.042133977758683,-1.2988960445352944
51-8011.00,1.0814909521119223,0.3334918124255564
51-8012.00,0.8571214468368318,0.17940251801928364
51-8013.00,-0.28525179508563636,-0.5268054353439399
51-8013.00,-0.28525179508563636,-0.9712270403374605
51-8013.00,-0.28525179508563636,-0.8328352971588249
51-8013.03,-0.04502258329312395,-0.5268054353439399
51-8013.03,-0.04502258329312395,-0.9712270403374605
51-8013.03,-0.04502258329312395,-0.8328352971588249
51-8013.04,-0.4968053922375854,-0.5268054353439399
51-8013.04,-0.4968053922375854,-0.9712270403374605
51-8013.04,-0.4968053922375854,-0.8328352971588249
51-8021.00,-0.47237554178085045,-0.7316891508492125
51-8031.00,-0.3023776154872376,-0.6461847092117808
51-8091.00,-0.40382367305021044,-0.647288917360157
51-8092.00,0.009792384096483073,-0.6883138556384317
51-8093.00,-0.16111110842335633,-0.7371020509711683
51-8099.01,-0.6501568192118928,-0.9084618981899021
51-9011.00,-0.2885222134553866,-0.7666014400364566
51-9012.00,-0.6808589214720397,-1.1414542673738965
51-9021.00,-0.9330478486816264,-1.2299427127329952
51-9022.00,-0.8003970127412785,-1.2338005257748987
51-9023.00,-0.7211346439111129,-1.0363699311297918
51-9031.00,-0.9776078366059916,-1.0375948691872903
51-9032.00,-0.7866468263115929,-1.2937588807854858
51-9041.00,-0.8767238069841596,-1.2320680162484938
51-9051.00,-1.4661824036514253,-0.9374482853384544
51-9061.00,-0.18903367490054715,-0.5476705742658392
51-9071.00,0.7954062768872892,-0.7299155321823779
51-9071.00,0.7954062768872892,-0.6800131418342132
51-9071.06,1.1677753991773006,-0.7299155321823779
51-9071.06,1.1677753991773006,-0.6800131418342132
51-9081.00,0.7590541304187524,-0.6586943115389888
51-9082.00,-0.42214114333594044,-0.635302917450466
51-9083.00,-0.023269020713464234,-1.009900966084016
51-9111.00,-0.9947236130358486,-1.103362254590878
51-9123.00,-0.7093314890723866,-1.0429833246709495
51-9124.00,-0.5464248900308311,-1.4331895026784771
51-9141.00,-0.3838944203979987,-0.8023041630136527
51-9151.00,-0.04642566439729855,-0.5841423669727962
51-9161.00,-0.4083991107245663,-0.9445855000763653
51-9162.00,0.4288523053353632,-0.4256538759594807
51-9191.00,-1.3745713678040348,-1.3814572483949012
51-9192.00,-1.2051566672775385,-1.2182328436260026
51-9193.00,-0.7525081402626128,-1.1237294455689022
51-9194.00,-0.2435111313354666,-0.8643234686532366
51-9195.00,-1.2294324748617518,-1.3487496015767495
51-9195.00,-1.2294324748617518,-1.4062046259545316
51-9195.00,-1.2294324748617518,-1.3122013142286444
51-9195.00,-1.2294324748617518,-1.335911922929019
51-9195.03,-1.1585210617427832,-1.3487496015767495
51-9195.03,-1.1585210617427832,-1.4062046259545316
51-9195.03,-1.1585210617427832,-1.3122013142286444
51-9195.03,-1.1585210617427832,-1.335911922929019
51-9195.04,-0.17004380136925162,-1.3487496015767495
51-9195.04,-0.17004380136925162,-1.4062046259545316
51-9195.04,-0.17004380136925162,-1.3122013142286444
51-9195.04,-0.17004380136925162,-1.335911922929019
51-9195.05,-0.6570709355286359,-1.3487496015767495
51-9195.05,-0.6570709355286359,-1.4062046259545316
51-9195.05,-0.6570709355286359,-1.3122013142286444
51-9195.05,-0.6570709355286359,-1.335911922929019
51-9196.00,-0.9289361553428691,-1.0089402338542761
51-9197.00,-1.9527177990136249,-1.6659838622346317
51-9198.00,-1.4201892688843503,-1.4522069571019247
53-1041.00,-0.6153452996494295,-0.8405764353833579
53-1042.00,-0.5646907297034088,-0.10099676638820858
53-1042.00,-0.5646907297034088,0.2506781366732551
53-1042.01,0.24651122604611497,-0.10099676638820858
53-1042.01,0.24651122604611497,0.2506781366732551
53-1043.00,0.21574450851816965,-0.047069006797804
53-2011.00,1.0041242641680714,-0.8542494825846343
53-2012.00,0.8631833385594357,-0.7325293925793098
53-2021.00,1.7507683618893335,0.57523968136299
53-2022.00,0.910215792986238,0.028586778041934536
53-2031.00,-1.6557138714751765,-0.3595462352866987
53-3011.00,-0.7022590493097027,-0.9349657723601321
53-3031.00,-0.9961361233276601,-0.818487690714878
53-3032.00,-0.31697452079210936,-1.4889705224070557
53-3033.00,-0.6756637414886634,-1.2926262464531815
53-3052.00,0.364595975567565,-1.1431616851105821
53-4011.00,0.2397258598550193,-1.007647356583355
53-4013.00,-0.4707598201428744,-1.194382647848775
53-4022.00,-0.45221854567632735,-1.2738522851941934
53-4031.00,-0.2435047218114316,-0.6664322612845948
53-4041.00,-0.1770105745261235,-1.0551293635819332
53-5011.00,-0.6998254757944796,-1.3650143844644587
53-5021.00,-0.14009645387660902,-0.9784417878929023
53-5022.00,0.06305572305189192,-1.1964243237454575
53-5031.00,-0.5807295113392289,-0.6544234140633988
53-6011.00,-0.3362876577616646,-0.8709165269329137
53-6021.00,-0.18758607715732245,-1.1306108785241509
53-6031.00,-1.4194172927384958,-1.2019680511863922
53-6041.00,0.9046307231688434,0.050173896721752945
53-6051.00,0.17834389812397902,-0.26029020031775735
53-6051.00,0.17834389812397902,-0.24430791831455953
53-6051.00,0.17834389812397902,-0.7946416574361943
53-6051.01,0.2279942914162893,-0.26029020031775735
53-6051.01,0.2279942914162893,-0.24430791831455953
53-6051.01,0.2279942914162893,-0.7946416574361943
53-6051.07,-0.31002686230640947,-0.26029020031775735
53-6051.07,-0.31002686230640947,-0.24430791831455953
53-6051.07,-0.31002686230640947,-0.7946416574361943
53-6061.00,-1.2176409136076145,-0.1996206815915396
53-7011.00,-0.5898725115519725,-0.9362018772947525
53-7021.00,-0.13389011347719887,-1.4484259203920877
53-7031.00,-0.48940289398971504,-1.3511587551094766
53-7041.00,-0.6416509560757448,-1.2206160433896045
53-7051.00,-0.6999258201216526,-1.593282215228844
53-7061.00,-1.7179486966172244,-1.6466707785665153
53-7062.00,-1.8666947914585101,-1.5970115983851796
53-7062.00,-1.8666947914585101,-1.4597280512912925
53-7062.04,-1.0020646932148631,-1.5970115983851796
53-7062.04,-1.0020646932148631,-1.4597280512912925
53-7063.00,-1.3023828167512994,-1.1060844946253392
53-7064.00,-2.017090711795873,-1.4148983630292296
53-7065.00,-1.3852637568181987,-1.115717163863963
53-7071.00,-0.4283423841464753,-0.963654614532139
53-7072.00,-0.5722991624090645,-1.0157509263237565
53-7073.00,-1.0427006930927722,-1.193147017985267
53-7081.00,-1.285530550280765,-1.4854296133725973
53-7121.00,-1.185577033716331,-1.5006050210703623
